cores,time,speedup,efficiency,karp_flatt
1,2.379462,1.0,1.0,0.0
2,1.230579,1.933612,0.966806,0.034334
4,0.708648,3.357749,0.839437,0.063758
6,0.523085,4.548905,0.758151,0.0638
Numba,0.834397,,,
NumPy,0.062141,,,
