method,cores,time
serial,1,2.0089237689971924
mpi,1,4.416295855333334
mpi,2,3.0013740079999995
mpi,4,1.9752716680000002
mpi,8,1.9117396076666668
numba,1,0.6694719791412354
numpy,1,0.04258894920349121
